{"k": [1, 2, 3, 4, 5, 6, 7, 8, 9, 10, 11, 12, 13, 14, 15, 16, 17, 18, 19, 20, 21, 22, 23, 24, 25, 26, 27, 28, 29, 30, 31, 32, 33, 34, 35, 36, 37, 38, 39, 40, 41, 42, 43, 44, 45, 46, 47, 48, 49, 50, 51, 52, 53, 54, 55, 56, 57, 58, 59, 60, 61, 62, 63, 64, 65, 66, 67, 68, 69, 70, 71, 72, 73, 74, 75, 76, 77, 78, 79, 80, 81, 82, 83, 84, 85, 86, 87, 88, 89, 90, 91, 92, 93, 94, 95, 96, 97, 98, 99, 100, 101, 102, 103, 104, 105, 106, 107, 108, 109, 110, 111, 112, 113, 114, 115, 116, 117, 118, 119, 120, 121, 122, 123, 124, 125, 126, 127, 128, 129, 130, 131, 132, 133, 134, 135, 136, 137, 138, 139, 140, 141, 142, 143, 144, 145, 146, 147, 148, 149, 150, 151, 152, 153, 154, 155, 156, 157, 158, 159, 160, 161, 162, 163, 164, 165, 166, 167, 168, 169, 170, 171, 172, 173, 174, 175, 176, 177, 178, 179, 180, 181, 182, 183, 184, 185, 186, 187, 188, 189, 190, 191, 192, 193, 194, 195, 196, 197, 198, 199, 200, 201, 202, 203, 204, 205, 206, 207, 208, 209, 210, 211, 212, 213, 214, 215, 216, 217, 218, 219, 220, 221, 222, 223, 224, 225, 226, 227, 228, 229, 230, 231, 232, 233, 234, 235, 236, 237, 238, 239, 240, 241, 242, 243, 244, 245, 246, 247, 248, 249, 250, 251, 252, 253, 254, 255, 256, 257, 258, 259, 260, 261, 262, 263, 264, 265, 266, 267, 268, 269, 270, 271, 272, 273, 274, 275, 276, 277, 278, 279, 280, 281, 282, 283, 284, 285, 286, 287, 288, 289, 290, 291, 292, 293, 294, 295, 296, 297, 298, 299, 300], "kmeans_accuracy": [1.0, 1.0, 1.0, 1.0, 1.0, 0.6666666666666666, 0.7142857142857143, 0.75, 0.6666666666666666, 0.8, 0.7272727272727273, 0.5833333333333334, 0.6923076923076923, 0.6428571428571429, 0.6, 0.625, 0.6470588235294118, 0.6111111111111112, 0.5263157894736842, 0.6, 0.8571428571428571, 0.8636363636363636, 0.8695652173913043, 0.8333333333333334, 0.88, 0.8461538461538461, 0.8888888888888888, 0.8571428571428571, 0.8620689655172413, 0.8666666666666667, 0.9032258064516129, 0.875, 0.8787878787878788, 0.8823529411764706, 0.8571428571428571, 0.8333333333333334, 0.8378378378378378, 0.8421052631578947, 0.8461538461538461, 0.85, 0.8536585365853658, 0.8333333333333334, 0.8372093023255814, 0.8181818181818182, 0.8222222222222222, 0.8043478260869565, 0.7872340425531915, 0.8125, 0.7959183673469388, 0.8, 0.8235294117647058, 0.7884615384615384, 0.7735849056603774, 0.7777777777777778, 0.7272727272727273, 0.7142857142857143, 0.7368421052631579, 0.7413793103448276, 0.7457627118644068, 0.7333333333333333, 0.7377049180327869, 0.7580645161290323, 0.7619047619047619, 0.765625, 0.7692307692307693, 0.7727272727272727, 0.7761194029850746, 0.7794117647058824, 0.782608695652174, 0.7714285714285715, 0.7746478873239436, 0.7638888888888888, 0.7671232876712328, 0.7702702702702703, 0.7733333333333333, 0.7631578947368421, 0.7662337662337663, 0.7564102564102564, 0.7468354430379747, 0.7625, 0.7654320987654321, 0.7804878048780488, 0.7710843373493976, 0.7738095238095238, 0.7764705882352941, 0.7790697674418605, 0.7816091954022989, 0.7613636363636364, 0.7640449438202247, 0.7666666666666667, 0.7582417582417582, 0.7608695652173914, 0.7634408602150538, 0.7553191489361702, 0.7578947368421053, 0.7604166666666666, 0.7628865979381443, 0.7551020408163265, 0.7575757575757576, 0.75, 0.7524752475247525, 0.7450980392156863, 0.7475728155339806, 0.75, 0.7523809523809524, 0.7547169811320755, 0.7570093457943925, 0.7592592592592593, 0.7614678899082569, 0.7636363636363637, 0.7657657657657657, 0.7678571428571429, 0.7699115044247787, 0.7719298245614035, 0.7739130434782608, 0.7758620689655172, 0.7777777777777778, 0.7711864406779662, 0.773109243697479, 0.7666666666666667, 0.768595041322314, 0.7704918032786885, 0.7804878048780488, 0.782258064516129, 0.784, 0.7857142857142857, 0.7874015748031497, 0.7890625, 0.7906976744186046, 0.7923076923076923, 0.7938931297709924, 0.7954545454545454, 0.7969924812030075, 0.7985074626865671, 0.8, 0.7941176470588235, 0.8029197080291971, 0.8043478260869565, 0.8057553956834532, 0.8071428571428572, 0.8085106382978723, 0.8098591549295775, 0.8111888111888111, 0.8125, 0.8137931034482758, 0.815068493150685, 0.8095238095238095, 0.8108108108108109, 0.7919463087248322, 0.7933333333333333, 0.7947019867549668, 0.7894736842105263, 0.7843137254901961, 0.7857142857142857, 0.7870967741935484, 0.782051282051282, 0.7898089171974523, 0.7848101265822784, 0.7861635220125787, 0.7875, 0.782608695652174, 0.7777777777777778, 0.7791411042944786, 0.7804878048780488, 0.7818181818181819, 0.7831325301204819, 0.7844311377245509, 0.7857142857142857, 0.7869822485207101, 0.788235294117647, 0.7894736842105263, 0.7906976744186046, 0.791907514450867, 0.7931034482758621, 0.8, 0.8011363636363636, 0.8022598870056498, 0.8033707865168539, 0.8044692737430168, 0.8, 0.8011049723756906, 0.8021978021978022, 0.8032786885245902, 0.8043478260869565, 0.8054054054054054, 0.8064516129032258, 0.8074866310160428, 0.8138297872340425, 0.8148148148148148, 0.8157894736842105, 0.8115183246073299, 0.8125, 0.8134715025906736, 0.8144329896907216, 0.8153846153846154, 0.8163265306122449, 0.817258883248731, 0.8181818181818182, 0.8190954773869347, 0.82, 0.8208955223880597, 0.8217821782178217, 0.8226600985221675, 0.8235294117647058, 0.824390243902439, 0.8252427184466019, 0.8260869565217391, 0.8221153846153846, 0.8229665071770335, 0.8238095238095238, 0.8246445497630331, 0.8254716981132075, 0.8262910798122066, 0.8271028037383178, 0.827906976744186, 0.8287037037037037, 0.8294930875576036, 0.8302752293577982, 0.8310502283105022, 0.8318181818181818, 0.8280542986425339, 0.8288288288288288, 0.8295964125560538, 0.8303571428571429, 0.8311111111111111, 0.831858407079646, 0.8325991189427313, 0.8289473684210527, 0.8296943231441049, 0.8304347826086956, 0.8311688311688312, 0.8275862068965517, 0.8283261802575107, 0.8290598290598291, 0.8297872340425532, 0.8305084745762712, 0.8312236286919831, 0.8361344537815126, 0.8368200836820083, 0.8375, 0.8340248962655602, 0.8347107438016529, 0.8353909465020576, 0.8319672131147541, 0.8326530612244898, 0.8333333333333334, 0.8299595141700404, 0.8306451612903226, 0.8313253012048193, 0.832, 0.8326693227091634, 0.8333333333333334, 0.8379446640316206, 0.8385826771653543, 0.8392156862745098, 0.83984375, 0.8404669260700389, 0.8410852713178295, 0.8416988416988417, 0.8384615384615385, 0.8390804597701149, 0.8358778625954199, 0.8326996197718631, 0.8295454545454546, 0.8301886792452831, 0.8308270676691729, 0.8314606741573034, 0.8283582089552238, 0.828996282527881, 0.8296296296296296, 0.8302583025830258, 0.8308823529411765, 0.8315018315018315, 0.8321167883211679, 0.8327272727272728, 0.8333333333333334, 0.8303249097472925, 0.8309352517985612, 0.8315412186379928, 0.8321428571428572, 0.8362989323843416, 0.8333333333333334, 0.833922261484099, 0.8345070422535211, 0.8315789473684211, 0.8321678321678322, 0.8327526132404182, 0.8333333333333334, 0.8339100346020761, 0.8344827586206897, 0.8350515463917526, 0.8356164383561644, 0.8361774744027304, 0.8333333333333334, 0.8338983050847457, 0.8344594594594594, 0.835016835016835, 0.8355704697986577, 0.8361204013377926, 0.8366666666666667], "topic": "high_school_macroeconomics"}