{"k_values": [1, 2, 3, 4, 5, 6, 7, 8, 9, 10, 11, 12, 13, 14, 15, 16, 17, 18, 19, 20, 21, 22, 23, 24, 25, 26, 27, 28, 29, 30, 31, 32, 33, 34, 35, 36, 37, 38, 39, 40, 41, 42, 43, 44, 45, 46, 47, 48, 49, 50, 51, 52, 53, 54, 55, 56, 57, 58, 59, 60, 61, 62, 63, 64, 65, 66, 67, 68, 69, 70, 71, 72, 73, 74, 75, 76, 77, 78, 79, 80, 81, 82, 83, 84, 85, 86, 87, 88, 89, 90, 91, 92, 93, 94, 95, 96, 97, 98, 99, 100, 101, 102, 103, 104, 105, 106, 107, 108, 109, 110, 111, 112, 113, 114, 115, 116, 117, 118, 119, 120, 121, 122, 123, 124, 125, 126, 127, 128, 129, 130, 131, 132, 133, 134, 135, 136, 137, 138, 139, 140, 141, 142, 143, 144, 145, 146, 147, 148, 149, 150, 151, 152, 153, 154, 155, 156, 157, 158, 159, 160, 161, 162, 163, 164, 165, 166, 167, 168, 169, 170, 171, 172, 173, 174, 175, 176, 177, 178, 179, 180, 181, 182, 183, 184, 185, 186, 187, 188, 189, 190, 191, 192, 193, 194, 195, 196, 197, 198, 199, 200, 201, 202, 203, 204, 205, 206, 207, 208, 209, 210, 211, 212, 213, 214, 215, 216, 217, 218, 219, 220, 221, 222, 223, 224, 225, 226, 227, 228, 229, 230, 231, 232, 233, 234, 235, 236, 237, 238, 239, 240, 241, 242, 243, 244, 245, 246, 247, 248, 249, 250, 251, 252, 253, 254, 255, 256, 257, 258, 259, 260, 261, 262, 263, 264, 265, 266, 267, 268, 269, 270, 271, 272, 273, 274, 275, 276, 277, 278, 279, 280, 281, 282, 283, 284, 285, 286, 287, 288, 289, 290, 291, 292, 293, 294, 295, 296, 297, 298, 299, 300], "avg_sample_mean": [0.617, 0.614, 0.6203333333333333, 0.635, 0.616, 0.6265, 0.6247142857142858, 0.6195, 0.6191111111111111, 0.6256, 0.6158181818181817, 0.6291666666666667, 0.6234615384615384, 0.6292857142857142, 0.6262, 0.61975, 0.6234117647058823, 0.6170555555555556, 0.6255263157894736, 0.6192000000000001, 0.6238095238095238, 0.6281818181818183, 0.622695652173913, 0.620125, 0.62632, 0.6233846153846153, 0.6247407407407406, 0.6216785714285714, 0.6273103448275863, 0.621, 0.6304838709677419, 0.6235625, 0.6251818181818183, 0.6190882352941176, 0.6222857142857142, 0.621361111111111, 0.6257837837837837, 0.6228157894736842, 0.6244102564102564, 0.627725, 0.622780487804878, 0.620547619047619, 0.6211860465116279, 0.6236590909090909, 0.6251555555555556, 0.6230652173913044, 0.6239574468085106, 0.6229583333333333, 0.6242653061224489, 0.62444, 0.6231960784313725, 0.6238076923076923, 0.6218113207547169, 0.6224444444444445, 0.6227636363636363, 0.6216964285714286, 0.6256315789473685, 0.6224137931034484, 0.6233559322033898, 0.6238333333333332, 0.6219344262295082, 0.6249193548387096, 0.6234920634920634, 0.622265625, 0.6227076923076923, 0.6223484848484848, 0.6218507462686568, 0.6246911764705882, 0.6199420289855072, 0.6238857142857143, 0.6226619718309859, 0.6226944444444443, 0.6235205479452055, 0.6232162162162163, 0.6238133333333333, 0.6251710526315789, 0.6233636363636363, 0.6244871794871794, 0.6238860759493671, 0.626575, 0.6254938271604937, 0.6231463414634145, 0.6248795180722891, 0.6212142857142858, 0.6247058823529411, 0.6241162790697674, 0.6212988505747127, 0.622715909090909, 0.6235955056179775, 0.6223555555555553, 0.6225054945054944, 0.6240217391304348, 0.6244086021505377, 0.6239468085106383, 0.6225368421052632, 0.6244791666666667, 0.6206597938144329, 0.6216632653061225, 0.6238888888888889, 0.62288, 0.6228118811881188, 0.6246078431372548, 0.6238543689320388, 0.6244230769230769, 0.6255047619047617, 0.6216886792452828, 0.6258224299065421, 0.6230370370370371, 0.6251009174311927, 0.6238272727272728, 0.6218288288288288, 0.6253839285714285, 0.6212389380530974, 0.6246754385964912, 0.6240173913043479, 0.6229655172413793, 0.6219487179487178, 0.6240508474576272, 0.6250084033613444, 0.6236416666666666, 0.623801652892562, 0.6242377049180328, 0.6253658536585365, 0.6246451612903225, 0.6249439999999999, 0.6221428571428571, 0.6249527559055118, 0.62390625, 0.6212868217054264, 0.6224538461538461, 0.6240152671755725, 0.6237575757575757, 0.623984962406015, 0.6234477611940298, 0.6227333333333334, 0.6225147058823529, 0.6232189781021898, 0.6240507246376812, 0.6223525179856115, 0.6244214285714286, 0.6232411347517732, 0.6240140845070423, 0.6241118881118881, 0.6245902777777779, 0.6234551724137931, 0.6243767123287672, 0.6223197278911565, 0.6237027027027027, 0.6243087248322148, 0.6221733333333332, 0.6233973509933775, 0.6258289473684211, 0.6253267973856208, 0.6238506493506493, 0.6240258064516129, 0.6250192307692307, 0.6228598726114649, 0.6235506329113925, 0.6219308176100629, 0.624125, 0.6239565217391305, 0.6229197530864198, 0.6235337423312883, 0.6241646341463415, 0.623290909090909, 0.6234638554216867, 0.6208922155688623, 0.622327380952381, 0.6221952662721895, 0.6231411764705881, 0.6239766081871344, 0.623203488372093, 0.623971098265896, 0.6235402298850575, 0.6224342857142857, 0.6247443181818182, 0.6234519774011299, 0.6236404494382023, 0.6232011173184357, 0.6235, 0.6247237569060774, 0.6232197802197802, 0.6236721311475409, 0.6247445652173913, 0.623772972972973, 0.6242741935483871, 0.6244064171122994, 0.6224042553191489, 0.6224920634920637, 0.6242368421052631, 0.6236282722513089, 0.622203125, 0.6228549222797929, 0.6240927835051545, 0.6223076923076922, 0.6226989795918366, 0.6248984771573605, 0.6219646464646464, 0.6246381909547738, 0.62411, 0.6232039800995025, 0.6236831683168316, 0.6253349753694581, 0.6239313725490196, 0.6244731707317073, 0.6224902912621358, 0.6231642512077294, 0.6242067307692307, 0.6232631578947369, 0.6238714285714284, 0.6215308056872039, 0.6231603773584906, 0.6242863849765258, 0.6217523364485981, 0.6231534883720931, 0.6240462962962963, 0.623741935483871, 0.6248394495412845, 0.6244885844748858, 0.6221136363636364, 0.6245294117647059, 0.6212477477477478, 0.6239417040358745, 0.6219821428571429, 0.6238266666666666, 0.6222522123893806, 0.6245286343612334, 0.6222149122807018, 0.6243144104803493, 0.6234217391304349, 0.6231298701298701, 0.6250043103448276, 0.6236652360515023, 0.6241837606837605, 0.6241787234042554, 0.6221313559322034, 0.6242911392405063, 0.6226386554621847, 0.6237531380753139, 0.623475, 0.6241825726141078, 0.6229752066115702, 0.6244938271604937, 0.6233073770491804, 0.6236897959183673, 0.6230528455284552, 0.6242591093117409, 0.6257258064516129, 0.6230481927710844, 0.6244959999999999, 0.6239282868525897, 0.6232380952380953, 0.6223359683794467, 0.6226732283464567, 0.6230313725490195, 0.62283984375, 0.6245291828793773, 0.6225891472868218, 0.6231389961389961, 0.6218153846153847, 0.6228582375478927, 0.6236335877862595, 0.6241787072243346, 0.6238560606060606, 0.6236150943396226, 0.6217593984962407, 0.6238014981273409, 0.6235559701492539, 0.6237657992565055, 0.6231444444444445, 0.6235387453874539, 0.6213933823529412, 0.6227289377289376, 0.6228832116788321, 0.6247054545454546, 0.6254239130434782, 0.6247472924187726, 0.6220863309352517, 0.6231254480286739, 0.6236821428571429, 0.6241387900355873, 0.6248014184397164, 0.6228091872791519, 0.6230563380281691, 0.6221473684210526, 0.6237447552447551, 0.6234529616724739, 0.6234444444444444, 0.6242768166089966, 0.6239655172413793, 0.6253436426116837, 0.622445205479452, 0.6231262798634811, 0.6228639455782313, 0.6230813559322035, 0.6242804054054054, 0.6238417508417509, 0.6232248322147651, 0.6226923076923077, 0.62362], "overall_mean": 0.6236138290932811, "topic": "professional_law"}