{"k_values": [1, 2, 3, 4, 5, 6, 7, 8, 9, 10, 11, 12, 13, 14, 15, 16, 17, 18, 19, 20, 21, 22, 23, 24, 25, 26, 27, 28, 29, 30, 31, 32, 33, 34, 35, 36, 37, 38, 39, 40, 41, 42, 43, 44, 45, 46, 47, 48, 49, 50, 51, 52, 53, 54, 55, 56, 57, 58, 59, 60, 61, 62, 63, 64, 65, 66, 67, 68, 69, 70, 71, 72, 73, 74, 75, 76, 77, 78, 79, 80, 81, 82, 83, 84, 85, 86, 87, 88, 89, 90, 91, 92, 93, 94, 95, 96, 97, 98, 99, 100, 101, 102, 103, 104, 105, 106, 107, 108, 109, 110, 111, 112, 113, 114, 115, 116, 117, 118, 119, 120, 121, 122, 123, 124, 125, 126, 127, 128, 129, 130, 131, 132, 133, 134, 135, 136, 137, 138, 139, 140, 141, 142, 143, 144, 145, 146, 147, 148, 149, 150, 151, 152, 153, 154, 155, 156, 157, 158, 159, 160, 161, 162, 163, 164, 165, 166, 167, 168, 169, 170, 171, 172, 173, 174, 175, 176, 177, 178, 179, 180, 181, 182, 183, 184, 185, 186, 187, 188, 189, 190, 191, 192, 193, 194, 195, 196, 197, 198, 199, 200, 201, 202, 203, 204, 205, 206, 207, 208, 209, 210, 211, 212, 213, 214, 215, 216, 217, 218, 219, 220, 221, 222, 223, 224, 225, 226, 227, 228, 229, 230, 231, 232, 233, 234, 235, 236, 237, 238, 239, 240, 241, 242, 243, 244, 245, 246, 247, 248, 249, 250, 251, 252, 253, 254, 255, 256, 257, 258, 259, 260, 261, 262, 263, 264, 265, 266, 267, 268, 269, 270, 271, 272, 273, 274, 275, 276, 277, 278, 279, 280, 281, 282, 283, 284, 285, 286, 287, 288, 289, 290, 291, 292, 293, 294, 295, 296, 297, 298, 299, 300], "avg_sample_mean": [0.803, 0.781, 0.7923333333333332, 0.7995, 0.7836000000000001, 0.7956666666666667, 0.7911428571428571, 0.785125, 0.7891111111111111, 0.7859, 0.793, 0.79, 0.7878461538461539, 0.7894285714285715, 0.7813333333333333, 0.7855625, 0.789, 0.7867222222222223, 0.787578947368421, 0.78355, 0.7880952380952381, 0.7866363636363636, 0.7838695652173913, 0.7844166666666667, 0.7869200000000001, 0.7870769230769231, 0.7879629629629631, 0.7885714285714286, 0.7880344827586206, 0.7876000000000002, 0.788741935483871, 0.78578125, 0.7866060606060605, 0.7889117647058823, 0.7899142857142858, 0.7844166666666667, 0.7876486486486487, 0.7854736842105262, 0.7862820512820514, 0.78725, 0.7862439024390244, 0.7828095238095238, 0.7884418604651161, 0.7897272727272727, 0.785088888888889, 0.7893260869565217, 0.786659574468085, 0.7879791666666668, 0.787408163265306, 0.78846, 0.7839411764705883, 0.7873653846153845, 0.7833207547169813, 0.7885, 0.7884181818181818, 0.7863035714285713, 0.7881228070175439, 0.7860689655172414, 0.789508474576271, 0.7873333333333332, 0.7840983606557377, 0.788258064516129, 0.785047619047619, 0.786140625, 0.7874769230769232, 0.7864545454545455, 0.7853283582089553, 0.7855882352941176, 0.7890289855072464, 0.7856142857142858, 0.7859577464788733, 0.7864166666666668, 0.7887260273972603, 0.7878243243243244, 0.78712, 0.7892894736842107, 0.7864155844155843, 0.789397435897436, 0.7874303797468356, 0.7850750000000001, 0.7880370370370371, 0.788219512195122, 0.7863734939759035, 0.7853214285714285, 0.7850352941176473, 0.7877558139534883, 0.7890229885057471, 0.7881136363636363, 0.7859775280898876, 0.7881000000000001, 0.78789010989011, 0.7865978260869565, 0.787548387096774, 0.7881595744680852, 0.7894, 0.7877395833333334, 0.7866701030927836, 0.7883061224489797, 0.7873939393939394, 0.78631, 0.7894356435643565, 0.7851960784313726, 0.7882912621359224, 0.788, 0.7870285714285715, 0.7885377358490566, 0.7865327102803737, 0.7859722222222222, 0.7882752293577983, 0.7875818181818183, 0.7866036036036037, 0.7885803571428571, 0.7856548672566371, 0.7864912280701755, 0.7895043478260869, 0.7883706896551723, 0.7878888888888889, 0.7888728813559321, 0.787310924369748, 0.7873916666666666, 0.7876528925619835, 0.7898606557377049, 0.7871382113821137, 0.7870322580645162, 0.7876320000000001, 0.7873412698412698, 0.78696062992126, 0.7873984375, 0.7869224806201548, 0.7882692307692308, 0.7875343511450382, 0.7867575757575758, 0.7892857142857143, 0.7879626865671642, 0.7880518518518519, 0.7866323529411766, 0.7867080291970803, 0.787036231884058, 0.7882086330935251, 0.7884714285714286, 0.7884113475177305, 0.7877535211267604, 0.7877062937062937, 0.7879375, 0.7880758620689655, 0.7871369863013699, 0.7885646258503402, 0.7874256756756757, 0.7878590604026845, 0.7870466666666667, 0.7890728476821193, 0.7876644736842107, 0.7886143790849673, 0.7873571428571429, 0.7887290322580646, 0.7871923076923077, 0.7877324840764331, 0.7882278481012659, 0.7886289308176101, 0.78650625, 0.7881801242236024, 0.7866851851851853, 0.7879079754601228, 0.7884329268292684, 0.7870484848484848, 0.7882831325301205, 0.7868443113772456, 0.7879464285714287, 0.7871183431952663, 0.7884941176470589, 0.7875614035087718, 0.7882848837209302, 0.7881676300578034, 0.7867931034482758, 0.7889885714285715, 0.7873352272727272, 0.786768361581921, 0.7888370786516854, 0.787340782122905, 0.7878222222222223, 0.7871602209944751, 0.7869560439560441, 0.7875300546448089, 0.7874184782608696, 0.7865783783783784, 0.7870913978494622, 0.787, 0.78775, 0.7869047619047619, 0.7878894736842106, 0.7870994764397906, 0.788015625, 0.7890518134715026, 0.7869278350515465, 0.7880307692307693, 0.7872448979591836, 0.7890710659898478, 0.7876515151515152, 0.7870402010050251, 0.788415, 0.7877263681592039, 0.7877128712871286, 0.7872266009852217, 0.7864264705882353, 0.7876829268292683, 0.7869466019417475, 0.787304347826087, 0.7879423076923077, 0.7884736842105262, 0.7872380952380954, 0.7877203791469194, 0.7881933962264152, 0.7870892018779343, 0.7885467289719625, 0.7882279069767442, 0.7876388888888889, 0.7866958525345622, 0.7880275229357797, 0.7877671232876713, 0.7876227272727272, 0.7867556561085973, 0.787882882882883, 0.7884035874439462, 0.7882946428571429, 0.7884044444444444, 0.7883008849557521, 0.7871277533039647, 0.7868771929824561, 0.7875895196506549, 0.7878521739130435, 0.7872077922077921, 0.7877025862068965, 0.7871673819742488, 0.7874059829059832, 0.788468085106383, 0.7875381355932203, 0.7880801687763712, 0.7872268907563027, 0.7878995815899583, 0.7881083333333333, 0.7881659751037345, 0.787297520661157, 0.7876666666666665, 0.7867868852459017, 0.7871061224489796, 0.7870447154471545, 0.7866923076923077, 0.7880766129032258, 0.7873212851405623, 0.7876320000000001, 0.7878247011952192, 0.7878849206349208, 0.7869407114624506, 0.7877204724409449, 0.7881490196078432, 0.787828125, 0.7877665369649807, 0.7879341085271317, 0.7876293436293436, 0.7873807692307693, 0.7872452107279694, 0.787854961832061, 0.786912547528517, 0.7875151515151515, 0.7869547169811322, 0.787124060150376, 0.7869588014981272, 0.7878320895522388, 0.7872973977695167, 0.7878481481481482, 0.788450184501845, 0.7879595588235294, 0.7874358974358976, 0.7872919708029198, 0.7878472727272727, 0.7877210144927537, 0.7874404332129965, 0.7880251798561151, 0.7870967741935483, 0.7878678571428572, 0.7880996441281138, 0.7878971631205672, 0.7875477031802122, 0.7876161971830986, 0.7874561403508772, 0.7869335664335665, 0.7871846689895471, 0.7877569444444443, 0.7876262975778547, 0.7875172413793103, 0.7869518900343644, 0.7868869863013699, 0.7870955631399318, 0.7878503401360545, 0.7872881355932204, 0.7875675675675676, 0.7876902356902357, 0.7878657718120805, 0.7879264214046823, 0.78774], "overall_mean": 0.7875647668393783, "topic": "high_school_macroeconomics"}