{"k_values": [1, 2, 3, 4, 5, 6, 7, 8, 9, 10, 11, 12, 13, 14, 15, 16, 17, 18, 19, 20, 21, 22, 23, 24, 25, 26, 27, 28, 29, 30, 31, 32, 33, 34, 35, 36, 37, 38, 39, 40, 41, 42, 43, 44, 45, 46, 47, 48, 49, 50, 51, 52, 53, 54, 55, 56, 57, 58, 59, 60, 61, 62, 63, 64, 65, 66, 67, 68, 69, 70, 71, 72, 73, 74, 75, 76, 77, 78, 79, 80, 81, 82, 83, 84, 85, 86, 87, 88, 89, 90, 91, 92, 93, 94, 95, 96, 97, 98, 99, 100, 101, 102, 103, 104, 105, 106, 107, 108, 109, 110, 111, 112, 113, 114, 115, 116, 117, 118, 119, 120, 121, 122, 123, 124, 125, 126, 127, 128, 129, 130, 131, 132, 133, 134, 135, 136, 137, 138, 139, 140, 141, 142, 143, 144, 145, 146, 147, 148, 149, 150, 151, 152, 153, 154, 155, 156, 157, 158, 159, 160, 161, 162, 163, 164, 165, 166, 167, 168, 169, 170, 171, 172, 173, 174, 175, 176, 177, 178, 179, 180, 181, 182, 183, 184, 185, 186, 187, 188, 189, 190, 191, 192, 193, 194, 195, 196, 197, 198, 199, 200, 201, 202, 203, 204, 205, 206, 207, 208, 209, 210, 211, 212, 213, 214, 215, 216, 217, 218, 219, 220, 221, 222, 223, 224, 225, 226, 227, 228, 229, 230, 231, 232, 233, 234, 235, 236, 237, 238, 239, 240, 241, 242, 243, 244, 245, 246, 247, 248, 249, 250, 251, 252, 253, 254, 255, 256, 257, 258, 259, 260, 261, 262, 263, 264, 265, 266, 267, 268, 269, 270, 271, 272, 273, 274, 275, 276, 277, 278, 279, 280, 281, 282, 283, 284, 285, 286, 287, 288, 289, 290, 291, 292, 293, 294, 295, 296, 297, 298, 299, 300], "avg_sample_mean": [0.806, 0.8235, 0.8203333333333332, 0.8315, 0.8284, 0.8271666666666667, 0.8201428571428571, 0.818875, 0.8163333333333335, 0.8186, 0.8193636363636363, 0.8178333333333333, 0.8230769230769233, 0.82, 0.8236666666666668, 0.824375, 0.8165882352941177, 0.8186111111111112, 0.8211578947368421, 0.8230999999999999, 0.8229047619047619, 0.8228636363636362, 0.8220869565217391, 0.8204583333333333, 0.8184000000000001, 0.8199615384615385, 0.8207777777777778, 0.8233571428571429, 0.823344827586207, 0.8191333333333335, 0.8216129032258064, 0.81909375, 0.8229696969696969, 0.8221176470588236, 0.8217142857142857, 0.8226944444444445, 0.8208918918918919, 0.8221578947368421, 0.8173076923076925, 0.820725, 0.8198048780487805, 0.8220952380952381, 0.8199302325581393, 0.8172045454545455, 0.8223333333333335, 0.8218260869565217, 0.8226595744680851, 0.8234375, 0.8197755102040816, 0.8205399999999999, 0.8223333333333335, 0.82, 0.8222075471698114, 0.8195370370370371, 0.8199454545454546, 0.8224107142857143, 0.8207368421052631, 0.8214482758620688, 0.8220338983050847, 0.8186333333333334, 0.8211803278688525, 0.8194516129032258, 0.8185714285714286, 0.820296875, 0.8215846153846155, 0.8211818181818182, 0.8222388059701493, 0.8223823529411765, 0.820304347826087, 0.8242000000000002, 0.820338028169014, 0.822861111111111, 0.8203972602739725, 0.8199054054054055, 0.822, 0.821657894736842, 0.8204285714285715, 0.8202051282051284, 0.8221012658227849, 0.8196, 0.8218641975308641, 0.8206829268292682, 0.8193373493975903, 0.8227857142857143, 0.8206470588235296, 0.8213255813953488, 0.8217586206896551, 0.8213636363636363, 0.8204719101123595, 0.8209888888888891, 0.8211648351648354, 0.8204565217391304, 0.8203870967741934, 0.8202765957446809, 0.8197894736842105, 0.82034375, 0.8215051546391753, 0.8211530612244898, 0.8202525252525252, 0.82128, 0.8201584158415842, 0.8214313725490198, 0.8220582524271844, 0.821375, 0.8208190476190478, 0.8223018867924529, 0.8231028037383177, 0.8221111111111111, 0.8208715596330276, 0.8208000000000001, 0.8198018018018018, 0.8212321428571429, 0.8219557522123894, 0.8206140350877192, 0.8205130434782609, 0.8218965517241379, 0.8216666666666669, 0.8216440677966103, 0.8208067226890757, 0.8218833333333334, 0.8211157024793388, 0.8203196721311476, 0.8206910569105692, 0.8189516129032258, 0.821984, 0.8217460317460319, 0.8190472440944884, 0.8211328125, 0.8218372093023254, 0.8214923076923079, 0.8219923664122137, 0.8212424242424242, 0.8214210526315788, 0.8201940298507463, 0.8215851851851851, 0.8216176470588236, 0.8215328467153286, 0.8202898550724638, 0.8212158273381295, 0.8219642857142858, 0.8210992907801418, 0.8211901408450704, 0.8199860139860141, 0.8198680555555555, 0.8208551724137931, 0.8204931506849314, 0.8211632653061224, 0.8204797297297298, 0.8199127516778524, 0.8201733333333333, 0.8220860927152319, 0.8216315789473685, 0.8208692810457517, 0.8203376623376624, 0.8197870967741935, 0.8219423076923077, 0.8211019108280254, 0.8214430379746835, 0.8207924528301888, 0.82084375, 0.8207329192546583, 0.8215061728395062, 0.8209018404907975, 0.8205548780487805, 0.8209939393939394, 0.8190361445783133, 0.821437125748503, 0.8202261904761905, 0.8211301775147929, 0.8206235294117649, 0.8214385964912281, 0.8220523255813953, 0.8200867052023123, 0.821706896551724, 0.8211085714285714, 0.8213011363636364, 0.8205875706214689, 0.8201685393258428, 0.8201061452513968, 0.8208944444444444, 0.8208950276243093, 0.8205879120879122, 0.8216885245901638, 0.8213206521739131, 0.8213243243243243, 0.8214623655913977, 0.82051871657754, 0.8195691489361703, 0.8212539682539682, 0.822, 0.8213507853403141, 0.8223177083333334, 0.8207512953367874, 0.8206288659793817, 0.8198717948717951, 0.8208163265306123, 0.8215634517766498, 0.8200959595959596, 0.8217236180904522, 0.821095, 0.8215771144278609, 0.819910891089109, 0.8212709359605911, 0.8213284313725491, 0.8211902439024391, 0.821, 0.821647342995169, 0.8217548076923076, 0.8217272727272728, 0.8205857142857144, 0.8206777251184832, 0.8220094339622642, 0.8197699530516431, 0.8215140186915888, 0.8220093023255813, 0.8207962962962964, 0.822036866359447, 0.8213944954128439, 0.8204200913242009, 0.8205227272727272, 0.8205927601809957, 0.8214414414414414, 0.8206681614349775, 0.8200982142857142, 0.8210711111111111, 0.8204070796460176, 0.8207753303964758, 0.8222543859649122, 0.8203056768558953, 0.8212695652173914, 0.819878787878788, 0.8201810344827586, 0.8210515021459228, 0.8207735042735044, 0.8202085106382979, 0.8213601694915255, 0.8203713080168777, 0.8213529411764707, 0.8204393305439331, 0.8209958333333334, 0.8213070539419088, 0.8208264462809918, 0.8207572016460906, 0.821094262295082, 0.8212448979591837, 0.8212886178861788, 0.8216923076923076, 0.8209153225806451, 0.8219718875502007, 0.821312, 0.8206812749003983, 0.820123015873016, 0.821604743083004, 0.8201220472440944, 0.8212588235294119, 0.8210390625, 0.8211128404669261, 0.8215465116279069, 0.8207104247104248, 0.8212615384615385, 0.8217356321839081, 0.8211221374045802, 0.8208326996197718, 0.8214545454545455, 0.8207811320754718, 0.8209473684210528, 0.8218501872659176, 0.8217649253731343, 0.8208624535315985, 0.8216074074074075, 0.8210479704797049, 0.8204044117647059, 0.8205934065934068, 0.8206788321167883, 0.8209745454545455, 0.820927536231884, 0.8206173285198556, 0.8223884892086332, 0.8204874551971326, 0.8208714285714286, 0.821846975088968, 0.8206702127659575, 0.8211201413427563, 0.8209014084507041, 0.8199824561403509, 0.8209335664335665, 0.821184668989547, 0.8217534722222222, 0.8202006920415225, 0.8204172413793104, 0.8218487972508594, 0.8214075342465753, 0.8210921501706484, 0.8212448979591837, 0.8206813559322034, 0.8209493243243243, 0.8209494949494949, 0.8211711409395973, 0.8209030100334448, 0.8210666666666667], "overall_mean": 0.8210180623973727, "topic": "professional_psychology"}